<NotepadPlus>
    <UserLang name="DarkFilter" ext="" udlVersion="2.1">
        <Settings>
            <Global caseIgnored="no" allowFoldOfComments="no" foldCompact="no" forcePureLC="0" decimalSeparator="0" />
            <Prefix Keywords1="no" Keywords2="no" Keywords3="no" Keywords4="no" Keywords5="no" Keywords6="no" Keywords7="yes" Keywords8="no" />
        </Settings>
        <KeywordLists>
            <Keywords name="Comments">00# 01 02 03 04</Keywords>
            <Keywords name="Numbers, prefix1"></Keywords>
            <Keywords name="Numbers, prefix2"></Keywords>
            <Keywords name="Numbers, extras1"></Keywords>
            <Keywords name="Numbers, extras2">255</Keywords>
            <Keywords name="Numbers, suffix1"></Keywords>
            <Keywords name="Numbers, suffix2"></Keywords>
            <Keywords name="Numbers, range"></Keywords>
            <Keywords name="Operators1">&gt; &lt; = &gt;= &lt;=</Keywords>
            <Keywords name="Operators2"></Keywords>
            <Keywords name="Folders in code1, open"></Keywords>
            <Keywords name="Folders in code1, middle"></Keywords>
            <Keywords name="Folders in code1, close"></Keywords>
            <Keywords name="Folders in code2, open"></Keywords>
            <Keywords name="Folders in code2, middle"></Keywords>
            <Keywords name="Folders in code2, close"></Keywords>
            <Keywords name="Folders in comment, open"></Keywords>
            <Keywords name="Folders in comment, middle"></Keywords>
            <Keywords name="Folders in comment, close"></Keywords>
            <Keywords name="Keywords1">Show</Keywords>
            <Keywords name="Keywords2">BaseType Class</Keywords>
            <Keywords name="Keywords3">Hide</Keywords>
            <Keywords name="Keywords4">Sockets LinkedSockets Height Width ItemLevel DropLevel SocketGroup Quality Corrupted Identified Rarity</Keywords>
            <Keywords name="Keywords5">SetBackgroundColor SetBorderColor SetFontSize PlayAlertSound SetTextColor</Keywords>
            <Keywords name="Keywords6">Rare Normal Unique Magic</Keywords>
            <Keywords name="Keywords7">%</Keywords>
            <Keywords name="Keywords8">ElderItem ShaperItem ShapedMap</Keywords>
            <Keywords name="Delimiters">00&quot; 01 02&quot; 03 04 05 06 07 08 09 10 11 12 13 14 15 16 17 18 19 20 21 22 23</Keywords>
        </KeywordLists>
        <Styles>
            <WordsStyle name="DEFAULT" fgColor="00FFFF" bgColor="000000" colorStyle="1" fontName="" fontStyle="2" nesting="0" />
            <WordsStyle name="COMMENTS" fgColor="000000" bgColor="FFFFFF" colorStyle="1" fontName="" fontStyle="0" nesting="0" />
            <WordsStyle name="LINE COMMENTS" fgColor="808080" bgColor="000000" colorStyle="1" fontName="" fontStyle="2" nesting="65536" />
            <WordsStyle name="NUMBERS" fgColor="00FF80" bgColor="000000" colorStyle="1" fontName="" fontStyle="2" nesting="0" />
            <WordsStyle name="KEYWORDS1" fgColor="FFFF00" bgColor="FFFF00" colorStyle="1" fontName="" fontStyle="5" nesting="0" />
            <WordsStyle name="KEYWORDS2" fgColor="0080FF" bgColor="000000" colorStyle="1" fontName="" fontStyle="1" nesting="0" />
            <WordsStyle name="KEYWORDS3" fgColor="FF0000" bgColor="000000" colorStyle="1" fontName="" fontStyle="5" nesting="0" />
            <WordsStyle name="KEYWORDS4" fgColor="0080FF" bgColor="000000" colorStyle="1" fontName="" fontStyle="1" nesting="0" />
            <WordsStyle name="KEYWORDS5" fgColor="8000FF" bgColor="000000" colorStyle="1" fontName="" fontStyle="3" nesting="0" />
            <WordsStyle name="KEYWORDS6" fgColor="00FFFF" bgColor="000000" colorStyle="1" fontName="" fontStyle="4" nesting="0" />
            <WordsStyle name="KEYWORDS7" fgColor="DEC934" bgColor="000000" colorStyle="1" fontName="" fontStyle="2" nesting="0" />
            <WordsStyle name="KEYWORDS8" fgColor="FF00FF" bgColor="000000" fontName="" fontStyle="3" nesting="0" />
            <WordsStyle name="OPERATORS" fgColor="808000" bgColor="000000" colorStyle="1" fontName="" fontStyle="2" nesting="0" />
            <WordsStyle name="FOLDER IN CODE1" fgColor="000000" bgColor="000000" fontName="" fontStyle="0" nesting="0" />
            <WordsStyle name="FOLDER IN CODE2" fgColor="000000" bgColor="000000" fontName="" fontStyle="0" nesting="0" />
            <WordsStyle name="FOLDER IN COMMENT" fgColor="000000" bgColor="000000" fontName="" fontStyle="0" nesting="0" />
            <WordsStyle name="DELIMITERS1" fgColor="008000" bgColor="000000" colorStyle="1" fontName="" fontStyle="0" nesting="0" />
            <WordsStyle name="DELIMITERS2" fgColor="000000" bgColor="FFFFFF" fontName="" fontStyle="0" nesting="0" />
            <WordsStyle name="DELIMITERS3" fgColor="00FFFF" bgColor="FFFFFF" fontName="" fontStyle="0" nesting="768" />
            <WordsStyle name="DELIMITERS4" fgColor="000000" bgColor="FFFFFF" fontName="" fontStyle="0" nesting="0" />
            <WordsStyle name="DELIMITERS5" fgColor="000000" bgColor="FFFFFF" fontName="" fontStyle="0" nesting="0" />
            <WordsStyle name="DELIMITERS6" fgColor="000000" bgColor="FFFFFF" fontName="" fontStyle="0" nesting="0" />
            <WordsStyle name="DELIMITERS7" fgColor="000000" bgColor="FFFFFF" fontName="" fontStyle="0" nesting="0" />
            <WordsStyle name="DELIMITERS8" fgColor="000000" bgColor="FFFFFF" fontName="" fontStyle="0" nesting="0" />
        </Styles>
    </UserLang>
</NotepadPlus>
